block_number,trial_type,elements,feedb,figure,colors,change,unique,all,wait,ftime,mtime,stime,tip,tip_time
1,instruction,,,,,,,,,,,,instruction_litery_greckie.txt,-1
1,training,9,1,-1,-1,0,1,1,0,2,1.5,4,,0
1,training,9,1,-1,-1,0,1,1,0,2,1.5,4,,0
1,training,9,1,-1,-1,0,1,1,0,2,1.5,4,,0
1,training,9,1,-1,-1,2,1,1,0,2,1.5,4,,0
1,training,9,1,-1,-1,2,1,1,0,2,1.5,4,,0
1,training,9,1,-1,-1,2,1,1,0,2,1.5,4,,0
2,instruction,,,,,,,,,,,,after_litery_greckie_training.txt,-1
2,experiment,6,0,-1,-1,0,1,1,0,2,1.5,4,,0
2,experiment,6,0,-1,-1,0,1,1,0,2,1.5,4,,0
2,experiment,6,0,-1,-1,0,1,1,0,2,1.5,4,,0
2,experiment,6,0,-1,-1,2,1,1,0,2,1.5,4,,0
2,experiment,6,0,-1,-1,2,1,1,0,2,1.5,4,,0
2,experiment,6,0,-1,-1,2,1,1,0,2,1.5,4,,0
2,experiment,9,0,-1,-1,0,1,1,0,2,1.5,4,,0
2,experiment,9,0,-1,-1,0,1,1,0,2,1.5,4,,0
2,experiment,9,0,-1,-1,0,1,1,0,2,1.5,4,,0
2,experiment,9,0,-1,-1,2,1,1,0,2,1.5,4,,0
2,experiment,9,0,-1,-1,2,1,1,0,2,1.5,4,,0
2,experiment,9,0,-1,-1,2,1,1,0,2,1.5,4,,0
2,experiment,12,0,-1,-1,0,1,1,0,2,1.5,4,,0
2,experiment,12,0,-1,-1,0,1,1,0,2,1.5,4,,0
2,experiment,12,0,-1,-1,0,1,1,0,2,1.5,4,,0
2,experiment,12,0,-1,-1,2,1,1,0,2,1.5,4,,0
2,experiment,12,0,-1,-1,2,1,1,0,2,1.5,4,,0
2,experiment,12,0,-1,-1,2,1,1,0,2,1.5,4,,0
2,experiment,6,0,-1,-1,0,1,1,0,2,1.5,4,,0
2,experiment,6,0,-1,-1,0,1,1,0,2,1.5,4,,0
2,experiment,6,0,-1,-1,0,1,1,0,2,1.5,4,,0
2,experiment,6,0,-1,-1,2,1,1,0,2,1.5,4,,0
2,experiment,6,0,-1,-1,2,1,1,0,2,1.5,4,,0
2,experiment,6,0,-1,-1,2,1,1,0,2,1.5,4,,0
2,experiment,9,0,-1,-1,0,1,1,0,2,1.5,4,,0
2,experiment,9,0,-1,-1,0,1,1,0,2,1.5,4,,0
2,experiment,9,0,-1,-1,0,1,1,0,2,1.5,4,,0
2,experiment,9,0,-1,-1,2,1,1,0,2,1.5,4,,0
2,experiment,9,0,-1,-1,2,1,1,0,2,1.5,4,,0
2,experiment,9,0,-1,-1,2,1,1,0,2,1.5,4,,0
2,experiment,12,0,-1,-1,0,1,1,0,2,1.5,4,,0
2,experiment,12,0,-1,-1,0,1,1,0,2,1.5,4,,0
2,experiment,12,0,-1,-1,0,1,1,0,2,1.5,4,,0
2,experiment,12,0,-1,-1,2,1,1,0,2,1.5,4,,0
2,experiment,12,0,-1,-1,2,1,1,0,2,1.5,4,,0
2,experiment,12,0,-1,-1,2,1,1,0,2,1.5,4,,0
2,experiment,6,0,-1,-1,0,1,1,0,2,1.5,4,,0
2,experiment,6,0,-1,-1,0,1,1,0,2,1.5,4,,0
2,experiment,6,0,-1,-1,0,1,1,0,2,1.5,4,,0
2,experiment,6,0,-1,-1,2,1,1,0,2,1.5,4,,0
2,experiment,6,0,-1,-1,2,1,1,0,2,1.5,4,,0
2,experiment,6,0,-1,-1,2,1,1,0,2,1.5,4,,0
2,experiment,9,0,-1,-1,0,1,1,0,2,1.5,4,,0
2,experiment,9,0,-1,-1,0,1,1,0,2,1.5,4,,0
2,experiment,9,0,-1,-1,0,1,1,0,2,1.5,4,,0
2,experiment,9,0,-1,-1,2,1,1,0,2,1.5,4,,0
2,experiment,9,0,-1,-1,2,1,1,0,2,1.5,4,,0
2,experiment,9,0,-1,-1,2,1,1,0,2,1.5,4,,0
2,experiment,12,0,-1,-1,0,1,1,0,2,1.5,4,,0
2,experiment,12,0,-1,-1,0,1,1,0,2,1.5,4,,0
2,experiment,12,0,-1,-1,0,1,1,0,2,1.5,4,,0
2,experiment,12,0,-1,-1,2,1,1,0,2,1.5,4,,0
2,experiment,12,0,-1,-1,2,1,1,0,2,1.5,4,,0
2,experiment,12,0,-1,-1,2,1,1,0,2,1.5,4,,0
2,experiment,6,0,-1,-1,0,1,1,0,2,1.5,4,,0
2,experiment,6,0,-1,-1,0,1,1,0,2,1.5,4,,0
2,experiment,6,0,-1,-1,0,1,1,0,2,1.5,4,,0
2,experiment,6,0,-1,-1,2,1,1,0,2,1.5,4,,0
2,experiment,6,0,-1,-1,2,1,1,0,2,1.5,4,,0
2,experiment,6,0,-1,-1,2,1,1,0,2,1.5,4,,0
2,experiment,9,0,-1,-1,0,1,1,0,2,1.5,4,,0
2,experiment,9,0,-1,-1,0,1,1,0,2,1.5,4,,0
2,experiment,9,0,-1,-1,0,1,1,0,2,1.5,4,,0
2,experiment,9,0,-1,-1,2,1,1,0,2,1.5,4,,0
2,experiment,9,0,-1,-1,2,1,1,0,2,1.5,4,,0
2,experiment,9,0,-1,-1,2,1,1,0,2,1.5,4,,0
2,experiment,12,0,-1,-1,0,1,1,0,2,1.5,4,,0
2,experiment,12,0,-1,-1,0,1,1,0,2,1.5,4,,0
2,experiment,12,0,-1,-1,0,1,1,0,2,1.5,4,,0
2,experiment,12,0,-1,-1,2,1,1,0,2,1.5,4,,0
2,experiment,12,0,-1,-1,2,1,1,0,2,1.5,4,,0
2,experiment,12,0,-1,-1,2,1,1,0,2,1.5,4,,0
2,experiment,6,0,-1,-1,0,1,1,0,2,1.5,4,,0
2,experiment,6,0,-1,-1,0,1,1,0,2,1.5,4,,0
2,experiment,6,0,-1,-1,0,1,1,0,2,1.5,4,,0
2,experiment,6,0,-1,-1,2,1,1,0,2,1.5,4,,0
2,experiment,6,0,-1,-1,2,1,1,0,2,1.5,4,,0
2,experiment,6,0,-1,-1,2,1,1,0,2,1.5,4,,0
2,experiment,9,0,-1,-1,0,1,1,0,2,1.5,4,,0
2,experiment,9,0,-1,-1,0,1,1,0,2,1.5,4,,0
2,experiment,9,0,-1,-1,0,1,1,0,2,1.5,4,,0
2,experiment,9,0,-1,-1,2,1,1,0,2,1.5,4,,0
2,experiment,9,0,-1,-1,2,1,1,0,2,1.5,4,,0
2,experiment,9,0,-1,-1,2,1,1,0,2,1.5,4,,0
2,experiment,12,0,-1,-1,0,1,1,0,2,1.5,4,,0
2,experiment,12,0,-1,-1,0,1,1,0,2,1.5,4,,0
2,experiment,12,0,-1,-1,0,1,1,0,2,1.5,4,,0
2,experiment,12,0,-1,-1,2,1,1,0,2,1.5,4,,0
2,experiment,12,0,-1,-1,2,1,1,0,2,1.5,4,,0
2,experiment,12,0,-1,-1,2,1,1,0,2,1.5,4,,0
2,experiment,6,0,-1,-1,0,1,1,0,2,1.5,4,,0
2,experiment,6,0,-1,-1,0,1,1,0,2,1.5,4,,0
2,experiment,6,0,-1,-1,0,1,1,0,2,1.5,4,,0
2,experiment,6,0,-1,-1,2,1,1,0,2,1.5,4,,0
2,experiment,6,0,-1,-1,2,1,1,0,2,1.5,4,,0
2,experiment,6,0,-1,-1,2,1,1,0,2,1.5,4,,0
2,experiment,9,0,-1,-1,0,1,1,0,2,1.5,4,,0
2,experiment,9,0,-1,-1,0,1,1,0,2,1.5,4,,0
2,experiment,9,0,-1,-1,0,1,1,0,2,1.5,4,,0
2,experiment,9,0,-1,-1,2,1,1,0,2,1.5,4,,0
2,experiment,9,0,-1,-1,2,1,1,0,2,1.5,4,,0
2,experiment,9,0,-1,-1,2,1,1,0,2,1.5,4,,0
2,experiment,12,0,-1,-1,0,1,1,0,2,1.5,4,,0
2,experiment,12,0,-1,-1,0,1,1,0,2,1.5,4,,0
2,experiment,12,0,-1,-1,0,1,1,0,2,1.5,4,,0
2,experiment,12,0,-1,-1,2,1,1,0,2,1.5,4,,0
2,experiment,12,0,-1,-1,2,1,1,0,2,1.5,4,,0
2,experiment,12,0,-1,-1,2,1,1,0,2,1.5,4,,0
2,experiment,6,0,-1,-1,0,1,1,0,2,1.5,4,,0
2,experiment,6,0,-1,-1,0,1,1,0,2,1.5,4,,0
2,experiment,6,0,-1,-1,0,1,1,0,2,1.5,4,,0
2,experiment,6,0,-1,-1,2,1,1,0,2,1.5,4,,0
2,experiment,6,0,-1,-1,2,1,1,0,2,1.5,4,,0
2,experiment,6,0,-1,-1,2,1,1,0,2,1.5,4,,0
2,experiment,9,0,-1,-1,0,1,1,0,2,1.5,4,,0
2,experiment,9,0,-1,-1,0,1,1,0,2,1.5,4,,0
2,experiment,9,0,-1,-1,0,1,1,0,2,1.5,4,,0
2,experiment,9,0,-1,-1,2,1,1,0,2,1.5,4,,0
2,experiment,9,0,-1,-1,2,1,1,0,2,1.5,4,,0
2,experiment,9,0,-1,-1,2,1,1,0,2,1.5,4,,0
2,experiment,12,0,-1,-1,0,1,1,0,2,1.5,4,,0
2,experiment,12,0,-1,-1,0,1,1,0,2,1.5,4,,0
2,experiment,12,0,-1,-1,0,1,1,0,2,1.5,4,,0
2,experiment,12,0,-1,-1,2,1,1,0,2,1.5,4,,0
2,experiment,12,0,-1,-1,2,1,1,0,2,1.5,4,,0
2,experiment,12,0,-1,-1,2,1,1,0,2,1.5,4,,0
2,experiment,6,0,-1,-1,0,1,1,0,2,1.5,4,,0
2,experiment,6,0,-1,-1,0,1,1,0,2,1.5,4,,0
2,experiment,6,0,-1,-1,0,1,1,0,2,1.5,4,,0
2,experiment,6,0,-1,-1,2,1,1,0,2,1.5,4,,0
2,experiment,6,0,-1,-1,2,1,1,0,2,1.5,4,,0
2,experiment,6,0,-1,-1,2,1,1,0,2,1.5,4,,0
2,experiment,9,0,-1,-1,0,1,1,0,2,1.5,4,,0
2,experiment,9,0,-1,-1,0,1,1,0,2,1.5,4,,0
2,experiment,9,0,-1,-1,0,1,1,0,2,1.5,4,,0
2,experiment,9,0,-1,-1,2,1,1,0,2,1.5,4,,0
2,experiment,9,0,-1,-1,2,1,1,0,2,1.5,4,,0
2,experiment,9,0,-1,-1,2,1,1,0,2,1.5,4,,0
2,experiment,12,0,-1,-1,0,1,1,0,2,1.5,4,,0
2,experiment,12,0,-1,-1,0,1,1,0,2,1.5,4,,0
2,experiment,12,0,-1,-1,0,1,1,0,2,1.5,4,,0
2,experiment,12,0,-1,-1,2,1,1,0,2,1.5,4,,0
2,experiment,12,0,-1,-1,2,1,1,0,2,1.5,4,,0
2,experiment,12,0,-1,-1,2,1,1,0,2,1.5,4,,0
2,experiment,6,0,-1,-1,0,1,1,0,2,1.5,4,,0
2,experiment,6,0,-1,-1,0,1,1,0,2,1.5,4,,0
2,experiment,6,0,-1,-1,0,1,1,0,2,1.5,4,,0
2,experiment,6,0,-1,-1,2,1,1,0,2,1.5,4,,0
2,experiment,6,0,-1,-1,2,1,1,0,2,1.5,4,,0
2,experiment,6,0,-1,-1,2,1,1,0,2,1.5,4,,0
2,experiment,9,0,-1,-1,0,1,1,0,2,1.5,4,,0
2,experiment,9,0,-1,-1,0,1,1,0,2,1.5,4,,0
2,experiment,9,0,-1,-1,0,1,1,0,2,1.5,4,,0
2,experiment,9,0,-1,-1,2,1,1,0,2,1.5,4,,0
2,experiment,9,0,-1,-1,2,1,1,0,2,1.5,4,,0
2,experiment,9,0,-1,-1,2,1,1,0,2,1.5,4,,0
2,experiment,12,0,-1,-1,0,1,1,0,2,1.5,4,,0
2,experiment,12,0,-1,-1,0,1,1,0,2,1.5,4,,0
2,experiment,12,0,-1,-1,0,1,1,0,2,1.5,4,,0
2,experiment,12,0,-1,-1,2,1,1,0,2,1.5,4,,0
2,experiment,12,0,-1,-1,2,1,1,0,2,1.5,4,,0
2,experiment,12,0,-1,-1,2,1,1,0,2,1.5,4,,0
2,experiment,6,0,-1,-1,0,1,1,0,2,1.5,4,,0
2,experiment,6,0,-1,-1,0,1,1,0,2,1.5,4,,0
2,experiment,6,0,-1,-1,0,1,1,0,2,1.5,4,,0
2,experiment,6,0,-1,-1,2,1,1,0,2,1.5,4,,0
2,experiment,6,0,-1,-1,2,1,1,0,2,1.5,4,,0
2,experiment,6,0,-1,-1,2,1,1,0,2,1.5,4,,0
2,experiment,9,0,-1,-1,0,1,1,0,2,1.5,4,,0
2,experiment,9,0,-1,-1,0,1,1,0,2,1.5,4,,0
2,experiment,9,0,-1,-1,0,1,1,0,2,1.5,4,,0
2,experiment,9,0,-1,-1,2,1,1,0,2,1.5,4,,0
2,experiment,9,0,-1,-1,2,1,1,0,2,1.5,4,,0
2,experiment,9,0,-1,-1,2,1,1,0,2,1.5,4,,0
2,experiment,12,0,-1,-1,0,1,1,0,2,1.5,4,,0
2,experiment,12,0,-1,-1,0,1,1,0,2,1.5,4,,0
2,experiment,12,0,-1,-1,0,1,1,0,2,1.5,4,,0
2,experiment,12,0,-1,-1,2,1,1,0,2,1.5,4,,0
2,experiment,12,0,-1,-1,2,1,1,0,2,1.5,4,,0
2,experiment,12,0,-1,-1,2,1,1,0,2,1.5,4,,0
3,instruction,,,,,,,,,,,,instruction_kolory.txt,-1
3,training,6,1,0,1,0,1,1,0,2,1.5,4,,0
3,training,6,1,0,1,0,1,1,0,2,1.5,4,,0
3,training,6,1,0,1,0,1,1,0,2,1.5,4,,0
3,training,6,1,0,1,2,1,1,0,2,1.5,4,,0
3,training,6,1,0,1,2,1,1,0,2,1.5,4,,0
3,training,6,1,0,1,2,1,1,0,2,1.5,4,,0
3,training,9,1,0,1,0,1,1,0,2,1.5,4,,0
3,training,9,1,0,1,0,1,1,0,2,1.5,4,,0
3,training,9,1,0,1,0,1,1,0,2,1.5,4,,0
3,training,9,1,0,1,2,1,1,0,2,1.5,4,,0
3,training,9,1,0,1,2,1,1,0,2,1.5,4,,0
3,training,9,1,0,1,2,1,1,0,2,1.5,4,,0
3,training,12,1,0,1,0,1,1,0,2,1.5,4,,0
3,training,12,1,0,1,0,1,1,0,2,1.5,4,,0
3,training,12,1,0,1,0,1,1,0,2,1.5,4,,0
3,training,12,1,0,1,2,1,1,0,2,1.5,4,,0
3,training,12,1,0,1,2,1,1,0,2,1.5,4,,0
3,training,12,1,0,1,2,1,1,0,2,1.5,4,,0
4,instruction,,,,,,,,,,,,after_kolory_training.txt,-1
4,experiment,6,0,0,1,0,1,1,0,2,1.5,4,,0
4,experiment,6,0,0,1,0,1,1,0,2,1.5,4,,0
4,experiment,6,0,0,1,0,1,1,0,2,1.5,4,,0
4,experiment,6,0,0,1,2,1,1,0,2,1.5,4,,0
4,experiment,6,0,0,1,2,1,1,0,2,1.5,4,,0
4,experiment,6,0,0,1,2,1,1,0,2,1.5,4,,0
4,experiment,9,0,0,1,0,1,1,0,2,1.5,4,,0
4,experiment,9,0,0,1,0,1,1,0,2,1.5,4,,0
4,experiment,9,0,0,1,0,1,1,0,2,1.5,4,,0
4,experiment,9,0,0,1,2,1,1,0,2,1.5,4,,0
4,experiment,9,0,0,1,2,1,1,0,2,1.5,4,,0
4,experiment,9,0,0,1,2,1,1,0,2,1.5,4,,0
4,experiment,12,0,0,1,0,1,1,0,2,1.5,4,,0
4,experiment,12,0,0,1,0,1,1,0,2,1.5,4,,0
4,experiment,12,0,0,1,0,1,1,0,2,1.5,4,,0
4,experiment,12,0,0,1,2,1,1,0,2,1.5,4,,0
4,experiment,12,0,0,1,2,1,1,0,2,1.5,4,,0
4,experiment,12,0,0,1,2,1,1,0,2,1.5,4,,0
4,experiment,6,0,0,1,0,1,1,0,2,1.5,4,,0
4,experiment,6,0,0,1,0,1,1,0,2,1.5,4,,0
4,experiment,6,0,0,1,0,1,1,0,2,1.5,4,,0
4,experiment,6,0,0,1,2,1,1,0,2,1.5,4,,0
4,experiment,6,0,0,1,2,1,1,0,2,1.5,4,,0
4,experiment,6,0,0,1,2,1,1,0,2,1.5,4,,0
4,experiment,9,0,0,1,0,1,1,0,2,1.5,4,,0
4,experiment,9,0,0,1,0,1,1,0,2,1.5,4,,0
4,experiment,9,0,0,1,0,1,1,0,2,1.5,4,,0
4,experiment,9,0,0,1,2,1,1,0,2,1.5,4,,0
4,experiment,9,0,0,1,2,1,1,0,2,1.5,4,,0
4,experiment,9,0,0,1,2,1,1,0,2,1.5,4,,0
4,experiment,12,0,0,1,0,1,1,0,2,1.5,4,,0
4,experiment,12,0,0,1,0,1,1,0,2,1.5,4,,0
4,experiment,12,0,0,1,0,1,1,0,2,1.5,4,,0
4,experiment,12,0,0,1,2,1,1,0,2,1.5,4,,0
4,experiment,12,0,0,1,2,1,1,0,2,1.5,4,,0
4,experiment,12,0,0,1,2,1,1,0,2,1.5,4,,0
4,experiment,6,0,0,1,0,1,1,0,2,1.5,4,,0
4,experiment,6,0,0,1,0,1,1,0,2,1.5,4,,0
4,experiment,6,0,0,1,0,1,1,0,2,1.5,4,,0
4,experiment,6,0,0,1,2,1,1,0,2,1.5,4,,0
4,experiment,6,0,0,1,2,1,1,0,2,1.5,4,,0
4,experiment,6,0,0,1,2,1,1,0,2,1.5,4,,0
4,experiment,9,0,0,1,0,1,1,0,2,1.5,4,,0
4,experiment,9,0,0,1,0,1,1,0,2,1.5,4,,0
4,experiment,9,0,0,1,0,1,1,0,2,1.5,4,,0
4,experiment,9,0,0,1,2,1,1,0,2,1.5,4,,0
4,experiment,9,0,0,1,2,1,1,0,2,1.5,4,,0
4,experiment,9,0,0,1,2,1,1,0,2,1.5,4,,0
4,experiment,12,0,0,1,0,1,1,0,2,1.5,4,,0
4,experiment,12,0,0,1,0,1,1,0,2,1.5,4,,0
4,experiment,12,0,0,1,0,1,1,0,2,1.5,4,,0
4,experiment,12,0,0,1,2,1,1,0,2,1.5,4,,0
4,experiment,12,0,0,1,2,1,1,0,2,1.5,4,,0
4,experiment,12,0,0,1,2,1,1,0,2,1.5,4,,0
4,experiment,6,0,0,1,0,1,1,0,2,1.5,4,,0
4,experiment,6,0,0,1,0,1,1,0,2,1.5,4,,0
4,experiment,6,0,0,1,0,1,1,0,2,1.5,4,,0
4,experiment,6,0,0,1,2,1,1,0,2,1.5,4,,0
4,experiment,6,0,0,1,2,1,1,0,2,1.5,4,,0
4,experiment,6,0,0,1,2,1,1,0,2,1.5,4,,0
4,experiment,9,0,0,1,0,1,1,0,2,1.5,4,,0
4,experiment,9,0,0,1,0,1,1,0,2,1.5,4,,0
4,experiment,9,0,0,1,0,1,1,0,2,1.5,4,,0
4,experiment,9,0,0,1,2,1,1,0,2,1.5,4,,0
4,experiment,9,0,0,1,2,1,1,0,2,1.5,4,,0
4,experiment,9,0,0,1,2,1,1,0,2,1.5,4,,0
4,experiment,12,0,0,1,0,1,1,0,2,1.5,4,,0
4,experiment,12,0,0,1,0,1,1,0,2,1.5,4,,0
4,experiment,12,0,0,1,0,1,1,0,2,1.5,4,,0
4,experiment,12,0,0,1,2,1,1,0,2,1.5,4,,0
4,experiment,12,0,0,1,2,1,1,0,2,1.5,4,,0
4,experiment,12,0,0,1,2,1,1,0,2,1.5,4,,0
4,experiment,6,0,0,1,0,1,1,0,2,1.5,4,,0
4,experiment,6,0,0,1,0,1,1,0,2,1.5,4,,0
4,experiment,6,0,0,1,0,1,1,0,2,1.5,4,,0
4,experiment,6,0,0,1,2,1,1,0,2,1.5,4,,0
4,experiment,6,0,0,1,2,1,1,0,2,1.5,4,,0
4,experiment,6,0,0,1,2,1,1,0,2,1.5,4,,0
4,experiment,9,0,0,1,0,1,1,0,2,1.5,4,,0
4,experiment,9,0,0,1,0,1,1,0,2,1.5,4,,0
4,experiment,9,0,0,1,0,1,1,0,2,1.5,4,,0
4,experiment,9,0,0,1,2,1,1,0,2,1.5,4,,0
4,experiment,9,0,0,1,2,1,1,0,2,1.5,4,,0
4,experiment,9,0,0,1,2,1,1,0,2,1.5,4,,0
4,experiment,12,0,0,1,0,1,1,0,2,1.5,4,,0
4,experiment,12,0,0,1,0,1,1,0,2,1.5,4,,0
4,experiment,12,0,0,1,0,1,1,0,2,1.5,4,,0
4,experiment,12,0,0,1,2,1,1,0,2,1.5,4,,0
4,experiment,12,0,0,1,2,1,1,0,2,1.5,4,,0
4,experiment,12,0,0,1,2,1,1,0,2,1.5,4,,0
4,experiment,6,0,0,1,0,1,1,0,2,1.5,4,,0
4,experiment,6,0,0,1,0,1,1,0,2,1.5,4,,0
4,experiment,6,0,0,1,0,1,1,0,2,1.5,4,,0
4,experiment,6,0,0,1,2,1,1,0,2,1.5,4,,0
4,experiment,6,0,0,1,2,1,1,0,2,1.5,4,,0
4,experiment,6,0,0,1,2,1,1,0,2,1.5,4,,0
4,experiment,9,0,0,1,0,1,1,0,2,1.5,4,,0
4,experiment,9,0,0,1,0,1,1,0,2,1.5,4,,0
4,experiment,9,0,0,1,0,1,1,0,2,1.5,4,,0
4,experiment,9,0,0,1,2,1,1,0,2,1.5,4,,0
4,experiment,9,0,0,1,2,1,1,0,2,1.5,4,,0
4,experiment,9,0,0,1,2,1,1,0,2,1.5,4,,0
4,experiment,12,0,0,1,0,1,1,0,2,1.5,4,,0
4,experiment,12,0,0,1,0,1,1,0,2,1.5,4,,0
4,experiment,12,0,0,1,0,1,1,0,2,1.5,4,,0
4,experiment,12,0,0,1,2,1,1,0,2,1.5,4,,0
4,experiment,12,0,0,1,2,1,1,0,2,1.5,4,,0
4,experiment,12,0,0,1,2,1,1,0,2,1.5,4,,0
4,experiment,6,0,0,1,0,1,1,0,2,1.5,4,,0
4,experiment,6,0,0,1,0,1,1,0,2,1.5,4,,0
4,experiment,6,0,0,1,0,1,1,0,2,1.5,4,,0
4,experiment,6,0,0,1,2,1,1,0,2,1.5,4,,0
4,experiment,6,0,0,1,2,1,1,0,2,1.5,4,,0
4,experiment,6,0,0,1,2,1,1,0,2,1.5,4,,0
4,experiment,9,0,0,1,0,1,1,0,2,1.5,4,,0
4,experiment,9,0,0,1,0,1,1,0,2,1.5,4,,0
4,experiment,9,0,0,1,0,1,1,0,2,1.5,4,,0
4,experiment,9,0,0,1,2,1,1,0,2,1.5,4,,0
4,experiment,9,0,0,1,2,1,1,0,2,1.5,4,,0
4,experiment,9,0,0,1,2,1,1,0,2,1.5,4,,0
4,experiment,12,0,0,1,0,1,1,0,2,1.5,4,,0
4,experiment,12,0,0,1,0,1,1,0,2,1.5,4,,0
4,experiment,12,0,0,1,0,1,1,0,2,1.5,4,,0
4,experiment,12,0,0,1,2,1,1,0,2,1.5,4,,0
4,experiment,12,0,0,1,2,1,1,0,2,1.5,4,,0
4,experiment,12,0,0,1,2,1,1,0,2,1.5,4,,0
4,experiment,6,0,0,1,0,1,1,0,2,1.5,4,,0
4,experiment,6,0,0,1,0,1,1,0,2,1.5,4,,0
4,experiment,6,0,0,1,0,1,1,0,2,1.5,4,,0
4,experiment,6,0,0,1,2,1,1,0,2,1.5,4,,0
4,experiment,6,0,0,1,2,1,1,0,2,1.5,4,,0
4,experiment,6,0,0,1,2,1,1,0,2,1.5,4,,0
4,experiment,9,0,0,1,0,1,1,0,2,1.5,4,,0
4,experiment,9,0,0,1,0,1,1,0,2,1.5,4,,0
4,experiment,9,0,0,1,0,1,1,0,2,1.5,4,,0
4,experiment,9,0,0,1,2,1,1,0,2,1.5,4,,0
4,experiment,9,0,0,1,2,1,1,0,2,1.5,4,,0
4,experiment,9,0,0,1,2,1,1,0,2,1.5,4,,0
4,experiment,12,0,0,1,0,1,1,0,2,1.5,4,,0
4,experiment,12,0,0,1,0,1,1,0,2,1.5,4,,0
4,experiment,12,0,0,1,0,1,1,0,2,1.5,4,,0
4,experiment,12,0,0,1,2,1,1,0,2,1.5,4,,0
4,experiment,12,0,0,1,2,1,1,0,2,1.5,4,,0
4,experiment,12,0,0,1,2,1,1,0,2,1.5,4,,0
4,experiment,6,0,0,1,0,1,1,0,2,1.5,4,,0
4,experiment,6,0,0,1,0,1,1,0,2,1.5,4,,0
4,experiment,6,0,0,1,0,1,1,0,2,1.5,4,,0
4,experiment,6,0,0,1,2,1,1,0,2,1.5,4,,0
4,experiment,6,0,0,1,2,1,1,0,2,1.5,4,,0
4,experiment,6,0,0,1,2,1,1,0,2,1.5,4,,0
4,experiment,9,0,0,1,0,1,1,0,2,1.5,4,,0
4,experiment,9,0,0,1,0,1,1,0,2,1.5,4,,0
4,experiment,9,0,0,1,0,1,1,0,2,1.5,4,,0
4,experiment,9,0,0,1,2,1,1,0,2,1.5,4,,0
4,experiment,9,0,0,1,2,1,1,0,2,1.5,4,,0
4,experiment,9,0,0,1,2,1,1,0,2,1.5,4,,0
4,experiment,12,0,0,1,0,1,1,0,2,1.5,4,,0
4,experiment,12,0,0,1,0,1,1,0,2,1.5,4,,0
4,experiment,12,0,0,1,0,1,1,0,2,1.5,4,,0
4,experiment,12,0,0,1,2,1,1,0,2,1.5,4,,0
4,experiment,12,0,0,1,2,1,1,0,2,1.5,4,,0
4,experiment,12,0,0,1,2,1,1,0,2,1.5,4,,0
4,experiment,6,0,0,1,0,1,1,0,2,1.5,4,,0
4,experiment,6,0,0,1,0,1,1,0,2,1.5,4,,0
4,experiment,6,0,0,1,0,1,1,0,2,1.5,4,,0
4,experiment,6,0,0,1,2,1,1,0,2,1.5,4,,0
4,experiment,6,0,0,1,2,1,1,0,2,1.5,4,,0
4,experiment,6,0,0,1,2,1,1,0,2,1.5,4,,0
4,experiment,9,0,0,1,0,1,1,0,2,1.5,4,,0
4,experiment,9,0,0,1,0,1,1,0,2,1.5,4,,0
4,experiment,9,0,0,1,0,1,1,0,2,1.5,4,,0
4,experiment,9,0,0,1,2,1,1,0,2,1.5,4,,0
4,experiment,9,0,0,1,2,1,1,0,2,1.5,4,,0
4,experiment,9,0,0,1,2,1,1,0,2,1.5,4,,0
4,experiment,12,0,0,1,0,1,1,0,2,1.5,4,,0
4,experiment,12,0,0,1,0,1,1,0,2,1.5,4,,0
4,experiment,12,0,0,1,0,1,1,0,2,1.5,4,,0
4,experiment,12,0,0,1,2,1,1,0,2,1.5,4,,0
4,experiment,12,0,0,1,2,1,1,0,2,1.5,4,,0
4,experiment,12,0,0,1,2,1,1,0,2,1.5,4,,0
5,instruction,,,,,,,,,,,,instruction_figury.txt,-1
5,training,9,1,1,0,0,1,1,0,2,1.5,4,,0
5,training,9,1,1,0,0,1,1,0,2,1.5,4,,0
5,training,9,1,1,0,0,1,1,0,2,1.5,4,,0
5,training,9,1,1,0,2,1,1,0,2,1.5,4,,0
5,training,9,1,1,0,2,1,1,0,2,1.5,4,,0
5,training,9,1,1,0,2,1,1,0,2,1.5,4,,0
6,instruction,,,,,,,,,,,,after_figury_training.txt,-1
6,experiment,6,0,1,0,0,1,1,0,2,1.5,4,,0
6,experiment,6,0,1,0,0,1,1,0,2,1.5,4,,0
6,experiment,6,0,1,0,0,1,1,0,2,1.5,4,,0
6,experiment,6,0,1,0,2,1,1,0,2,1.5,4,,0
6,experiment,6,0,1,0,2,1,1,0,2,1.5,4,,0
6,experiment,6,0,1,0,2,1,1,0,2,1.5,4,,0
6,experiment,9,0,1,0,0,1,1,0,2,1.5,4,,0
6,experiment,9,0,1,0,0,1,1,0,2,1.5,4,,0
6,experiment,9,0,1,0,0,1,1,0,2,1.5,4,,0
6,experiment,9,0,1,0,2,1,1,0,2,1.5,4,,0
6,experiment,9,0,1,0,2,1,1,0,2,1.5,4,,0
6,experiment,9,0,1,0,2,1,1,0,2,1.5,4,,0
6,experiment,12,0,1,0,0,1,1,0,2,1.5,4,,0
6,experiment,12,0,1,0,0,1,1,0,2,1.5,4,,0
6,experiment,12,0,1,0,0,1,1,0,2,1.5,4,,0
6,experiment,12,0,1,0,2,1,1,0,2,1.5,4,,0
6,experiment,12,0,1,0,2,1,1,0,2,1.5,4,,0
6,experiment,12,0,1,0,2,1,1,0,2,1.5,4,,0
6,experiment,6,0,1,0,0,1,1,0,2,1.5,4,,0
6,experiment,6,0,1,0,0,1,1,0,2,1.5,4,,0
6,experiment,6,0,1,0,0,1,1,0,2,1.5,4,,0
6,experiment,6,0,1,0,2,1,1,0,2,1.5,4,,0
6,experiment,6,0,1,0,2,1,1,0,2,1.5,4,,0
6,experiment,6,0,1,0,2,1,1,0,2,1.5,4,,0
6,experiment,9,0,1,0,0,1,1,0,2,1.5,4,,0
6,experiment,9,0,1,0,0,1,1,0,2,1.5,4,,0
6,experiment,9,0,1,0,0,1,1,0,2,1.5,4,,0
6,experiment,9,0,1,0,2,1,1,0,2,1.5,4,,0
6,experiment,9,0,1,0,2,1,1,0,2,1.5,4,,0
6,experiment,9,0,1,0,2,1,1,0,2,1.5,4,,0
6,experiment,12,0,1,0,0,1,1,0,2,1.5,4,,0
6,experiment,12,0,1,0,0,1,1,0,2,1.5,4,,0
6,experiment,12,0,1,0,0,1,1,0,2,1.5,4,,0
6,experiment,12,0,1,0,2,1,1,0,2,1.5,4,,0
6,experiment,12,0,1,0,2,1,1,0,2,1.5,4,,0
6,experiment,12,0,1,0,2,1,1,0,2,1.5,4,,0
6,experiment,6,0,1,0,0,1,1,0,2,1.5,4,,0
6,experiment,6,0,1,0,0,1,1,0,2,1.5,4,,0
6,experiment,6,0,1,0,0,1,1,0,2,1.5,4,,0
6,experiment,6,0,1,0,2,1,1,0,2,1.5,4,,0
6,experiment,6,0,1,0,2,1,1,0,2,1.5,4,,0
6,experiment,6,0,1,0,2,1,1,0,2,1.5,4,,0
6,experiment,9,0,1,0,0,1,1,0,2,1.5,4,,0
6,experiment,9,0,1,0,0,1,1,0,2,1.5,4,,0
6,experiment,9,0,1,0,0,1,1,0,2,1.5,4,,0
6,experiment,9,0,1,0,2,1,1,0,2,1.5,4,,0
6,experiment,9,0,1,0,2,1,1,0,2,1.5,4,,0
6,experiment,9,0,1,0,2,1,1,0,2,1.5,4,,0
6,experiment,12,0,1,0,0,1,1,0,2,1.5,4,,0
6,experiment,12,0,1,0,0,1,1,0,2,1.5,4,,0
6,experiment,12,0,1,0,0,1,1,0,2,1.5,4,,0
6,experiment,12,0,1,0,2,1,1,0,2,1.5,4,,0
6,experiment,12,0,1,0,2,1,1,0,2,1.5,4,,0
6,experiment,12,0,1,0,2,1,1,0,2,1.5,4,,0
6,experiment,6,0,1,0,0,1,1,0,2,1.5,4,,0
6,experiment,6,0,1,0,0,1,1,0,2,1.5,4,,0
6,experiment,6,0,1,0,0,1,1,0,2,1.5,4,,0
6,experiment,6,0,1,0,2,1,1,0,2,1.5,4,,0
6,experiment,6,0,1,0,2,1,1,0,2,1.5,4,,0
6,experiment,6,0,1,0,2,1,1,0,2,1.5,4,,0
6,experiment,9,0,1,0,0,1,1,0,2,1.5,4,,0
6,experiment,9,0,1,0,0,1,1,0,2,1.5,4,,0
6,experiment,9,0,1,0,0,1,1,0,2,1.5,4,,0
6,experiment,9,0,1,0,2,1,1,0,2,1.5,4,,0
6,experiment,9,0,1,0,2,1,1,0,2,1.5,4,,0
6,experiment,9,0,1,0,2,1,1,0,2,1.5,4,,0
6,experiment,12,0,1,0,0,1,1,0,2,1.5,4,,0
6,experiment,12,0,1,0,0,1,1,0,2,1.5,4,,0
6,experiment,12,0,1,0,0,1,1,0,2,1.5,4,,0
6,experiment,12,0,1,0,2,1,1,0,2,1.5,4,,0
6,experiment,12,0,1,0,2,1,1,0,2,1.5,4,,0
6,experiment,12,0,1,0,2,1,1,0,2,1.5,4,,0
6,experiment,6,0,1,0,0,1,1,0,2,1.5,4,,0
6,experiment,6,0,1,0,0,1,1,0,2,1.5,4,,0
6,experiment,6,0,1,0,0,1,1,0,2,1.5,4,,0
6,experiment,6,0,1,0,2,1,1,0,2,1.5,4,,0
6,experiment,6,0,1,0,2,1,1,0,2,1.5,4,,0
6,experiment,6,0,1,0,2,1,1,0,2,1.5,4,,0
6,experiment,9,0,1,0,0,1,1,0,2,1.5,4,,0
6,experiment,9,0,1,0,0,1,1,0,2,1.5,4,,0
6,experiment,9,0,1,0,0,1,1,0,2,1.5,4,,0
6,experiment,9,0,1,0,2,1,1,0,2,1.5,4,,0
6,experiment,9,0,1,0,2,1,1,0,2,1.5,4,,0
6,experiment,9,0,1,0,2,1,1,0,2,1.5,4,,0
6,experiment,12,0,1,0,0,1,1,0,2,1.5,4,,0
6,experiment,12,0,1,0,0,1,1,0,2,1.5,4,,0
6,experiment,12,0,1,0,0,1,1,0,2,1.5,4,,0
6,experiment,12,0,1,0,2,1,1,0,2,1.5,4,,0
6,experiment,12,0,1,0,2,1,1,0,2,1.5,4,,0
6,experiment,12,0,1,0,2,1,1,0,2,1.5,4,,0
6,experiment,6,0,1,0,0,1,1,0,2,1.5,4,,0
6,experiment,6,0,1,0,0,1,1,0,2,1.5,4,,0
6,experiment,6,0,1,0,0,1,1,0,2,1.5,4,,0
6,experiment,6,0,1,0,2,1,1,0,2,1.5,4,,0
6,experiment,6,0,1,0,2,1,1,0,2,1.5,4,,0
6,experiment,6,0,1,0,2,1,1,0,2,1.5,4,,0
6,experiment,9,0,1,0,0,1,1,0,2,1.5,4,,0
6,experiment,9,0,1,0,0,1,1,0,2,1.5,4,,0
6,experiment,9,0,1,0,0,1,1,0,2,1.5,4,,0
6,experiment,9,0,1,0,2,1,1,0,2,1.5,4,,0
6,experiment,9,0,1,0,2,1,1,0,2,1.5,4,,0
6,experiment,9,0,1,0,2,1,1,0,2,1.5,4,,0
6,experiment,12,0,1,0,0,1,1,0,2,1.5,4,,0
6,experiment,12,0,1,0,0,1,1,0,2,1.5,4,,0
6,experiment,12,0,1,0,0,1,1,0,2,1.5,4,,0
6,experiment,12,0,1,0,2,1,1,0,2,1.5,4,,0
6,experiment,12,0,1,0,2,1,1,0,2,1.5,4,,0
6,experiment,12,0,1,0,2,1,1,0,2,1.5,4,,0
6,experiment,6,0,1,0,0,1,1,0,2,1.5,4,,0
6,experiment,6,0,1,0,0,1,1,0,2,1.5,4,,0
6,experiment,6,0,1,0,0,1,1,0,2,1.5,4,,0
6,experiment,6,0,1,0,2,1,1,0,2,1.5,4,,0
6,experiment,6,0,1,0,2,1,1,0,2,1.5,4,,0
6,experiment,6,0,1,0,2,1,1,0,2,1.5,4,,0
6,experiment,9,0,1,0,0,1,1,0,2,1.5,4,,0
6,experiment,9,0,1,0,0,1,1,0,2,1.5,4,,0
6,experiment,9,0,1,0,0,1,1,0,2,1.5,4,,0
6,experiment,9,0,1,0,2,1,1,0,2,1.5,4,,0
6,experiment,9,0,1,0,2,1,1,0,2,1.5,4,,0
6,experiment,9,0,1,0,2,1,1,0,2,1.5,4,,0
6,experiment,12,0,1,0,0,1,1,0,2,1.5,4,,0
6,experiment,12,0,1,0,0,1,1,0,2,1.5,4,,0
6,experiment,12,0,1,0,0,1,1,0,2,1.5,4,,0
6,experiment,12,0,1,0,2,1,1,0,2,1.5,4,,0
6,experiment,12,0,1,0,2,1,1,0,2,1.5,4,,0
6,experiment,12,0,1,0,2,1,1,0,2,1.5,4,,0
6,experiment,6,0,1,0,0,1,1,0,2,1.5,4,,0
6,experiment,6,0,1,0,0,1,1,0,2,1.5,4,,0
6,experiment,6,0,1,0,0,1,1,0,2,1.5,4,,0
6,experiment,6,0,1,0,2,1,1,0,2,1.5,4,,0
6,experiment,6,0,1,0,2,1,1,0,2,1.5,4,,0
6,experiment,6,0,1,0,2,1,1,0,2,1.5,4,,0
6,experiment,9,0,1,0,0,1,1,0,2,1.5,4,,0
6,experiment,9,0,1,0,0,1,1,0,2,1.5,4,,0
6,experiment,9,0,1,0,0,1,1,0,2,1.5,4,,0
6,experiment,9,0,1,0,2,1,1,0,2,1.5,4,,0
6,experiment,9,0,1,0,2,1,1,0,2,1.5,4,,0
6,experiment,9,0,1,0,2,1,1,0,2,1.5,4,,0
6,experiment,12,0,1,0,0,1,1,0,2,1.5,4,,0
6,experiment,12,0,1,0,0,1,1,0,2,1.5,4,,0
6,experiment,12,0,1,0,0,1,1,0,2,1.5,4,,0
6,experiment,12,0,1,0,2,1,1,0,2,1.5,4,,0
6,experiment,12,0,1,0,2,1,1,0,2,1.5,4,,0
6,experiment,12,0,1,0,2,1,1,0,2,1.5,4,,0
6,experiment,6,0,1,0,0,1,1,0,2,1.5,4,,0
6,experiment,6,0,1,0,0,1,1,0,2,1.5,4,,0
6,experiment,6,0,1,0,0,1,1,0,2,1.5,4,,0
6,experiment,6,0,1,0,2,1,1,0,2,1.5,4,,0
6,experiment,6,0,1,0,2,1,1,0,2,1.5,4,,0
6,experiment,6,0,1,0,2,1,1,0,2,1.5,4,,0
6,experiment,9,0,1,0,0,1,1,0,2,1.5,4,,0
6,experiment,9,0,1,0,0,1,1,0,2,1.5,4,,0
6,experiment,9,0,1,0,0,1,1,0,2,1.5,4,,0
6,experiment,9,0,1,0,2,1,1,0,2,1.5,4,,0
6,experiment,9,0,1,0,2,1,1,0,2,1.5,4,,0
6,experiment,9,0,1,0,2,1,1,0,2,1.5,4,,0
6,experiment,12,0,1,0,0,1,1,0,2,1.5,4,,0
6,experiment,12,0,1,0,0,1,1,0,2,1.5,4,,0
6,experiment,12,0,1,0,0,1,1,0,2,1.5,4,,0
6,experiment,12,0,1,0,2,1,1,0,2,1.5,4,,0
6,experiment,12,0,1,0,2,1,1,0,2,1.5,4,,0
6,experiment,12,0,1,0,2,1,1,0,2,1.5,4,,0
6,experiment,6,0,1,0,0,1,1,0,2,1.5,4,,0
6,experiment,6,0,1,0,0,1,1,0,2,1.5,4,,0
6,experiment,6,0,1,0,0,1,1,0,2,1.5,4,,0
6,experiment,6,0,1,0,2,1,1,0,2,1.5,4,,0
6,experiment,6,0,1,0,2,1,1,0,2,1.5,4,,0
6,experiment,6,0,1,0,2,1,1,0,2,1.5,4,,0
6,experiment,9,0,1,0,0,1,1,0,2,1.5,4,,0
6,experiment,9,0,1,0,0,1,1,0,2,1.5,4,,0
6,experiment,9,0,1,0,0,1,1,0,2,1.5,4,,0
6,experiment,9,0,1,0,2,1,1,0,2,1.5,4,,0
6,experiment,9,0,1,0,2,1,1,0,2,1.5,4,,0
6,experiment,9,0,1,0,2,1,1,0,2,1.5,4,,0
6,experiment,12,0,1,0,0,1,1,0,2,1.5,4,,0
6,experiment,12,0,1,0,0,1,1,0,2,1.5,4,,0
6,experiment,12,0,1,0,0,1,1,0,2,1.5,4,,0
6,experiment,12,0,1,0,2,1,1,0,2,1.5,4,,0
6,experiment,12,0,1,0,2,1,1,0,2,1.5,4,,0
6,experiment,12,0,1,0,2,1,1,0,2,1.5,4,,0
